symbol,date,y1,ret1,pred,p_down,p_flat,p_up,train_rows,best_iter,test_month,correct
2330,2026-04-01,0.0,-0.02425876010781669,2,0.34203627942138076,0.2348285281080333,0.42313519247058595,857,1,2026-04,0
2330,2026-04-02,2.0,0.027624309392265234,2,0.3612783150534314,0.22956527432805718,0.4091564106185115,857,1,2026-04,1
2330,2026-04-07,2.0,0.048387096774193505,2,0.34363335316348653,0.23592501552385112,0.42044163131266243,857,1,2026-04,1
2330,2026-04-08,1.0,0.002564102564102555,2,0.33977425294142555,0.2373121339647194,0.422913613093855,857,1,2026-04,0
2330,2026-04-09,2.0,0.023017902813299296,2,0.3520428284205719,0.24011765759792364,0.40783951398150453,857,1,2026-04,1
2330,2026-04-10,0.0,-0.0050000000000000044,2,0.3523432064726791,0.24000634457072154,0.40765044895659946,857,1,2026-04,0
2330,2026-04-13,2.0,0.03266331658291466,2,0.3525525100528212,0.23992878159650813,0.4075187083506706,857,1,2026-04,1
2330,2026-04-14,2.0,0.012165450121654597,2,0.3607984659600331,0.2330743514623854,0.40612718257758157,857,1,2026-04,1
2330,2026-04-15,1.0,0.0024038461538462563,2,0.3607984659600331,0.2330743514623854,0.40612718257758157,857,1,2026-04,0
2330,2026-04-16,0.0,-0.026378896882493952,2,0.3512268464232284,0.23330124791391058,0.415471905662861,857,1,2026-04,0
2330,2026-04-17,1.0,-0.0024630541871921707,2,0.35143584669396255,0.2332260906363509,0.41533806266968654,857,1,2026-04,0
2330,2026-04-20,2.0,0.012345679012345734,2,0.3494335678936686,0.23394611756749747,0.416620314538834,857,1,2026-04,1
2330,2026-04-21,1.0,0.0,2,0.3494335678936686,0.23394611756749747,0.416620314538834,857,1,2026-04,0
2330,2026-04-22,2.0,0.014634146341463428,2,0.3494335678936686,0.23394611756749747,0.416620314538834,857,1,2026-04,1
2330,2026-04-23,2.0,0.05048076923076916,2,0.35127430942370447,0.2331976401640878,0.41552805041220775,857,1,2026-04,1
2330,2026-04-24,2.0,0.03661327231121292,2,0.35127430942370447,0.2331976401640878,0.41552805041220775,857,1,2026-04,1
2330,2026-04-27,0.0,-0.02207505518763797,2,0.3575566059600248,0.23093934093474866,0.4115040531052265,857,1,2026-04,0
2330,2026-04-28,0.0,-0.015801354401805856,2,0.3510145164698311,0.23337760255778567,0.41560788097238316,857,1,2026-04,0
2330,2026-04-29,0.0,-0.020642201834862428,2,0.3586134971798398,0.23064498072726639,0.4107415220928939,857,1,2026-04,0
2330,2026-04-30,2.0,0.06557377049180335,2,0.3493753213581023,0.2265124791326457,0.42411219950925194,857,1,2026-04,1
2317,2026-04-01,0.0,-0.02030456852791873,2,0.34203627942138076,0.2348285281080333,0.42313519247058595,857,1,2026-04,0
2317,2026-04-02,0.0,-0.005181347150259086,2,0.3612783150534314,0.22956527432805718,0.4091564106185115,857,1,2026-04,0
2317,2026-04-07,2.0,0.04947916666666674,2,0.34569187387524564,0.23134785743834682,0.4229602686864075,857,1,2026-04,1
2317,2026-04-08,0.0,-0.007444168734491274,2,0.34569187387524564,0.23134785743834682,0.4229602686864075,857,1,2026-04,0
2317,2026-04-09,1.0,0.0024999999999999467,2,0.34541266947948307,0.23528545647328605,0.4193018740472309,857,1,2026-04,0
2317,2026-04-10,1.0,-0.0024937655860348684,2,0.36243790708226153,0.23626548642323494,0.40129660649450355,857,1,2026-04,0
2317,2026-04-13,2.0,0.03750000000000009,2,0.3526897556117048,0.23603105964436977,0.4112791847439254,857,1,2026-04,1
2317,2026-04-14,1.0,0.0,2,0.3526897556117048,0.23603105964436977,0.4112791847439254,857,1,2026-04,0
2317,2026-04-15,1.0,-0.002409638554216831,2,0.3552492744714456,0.2304868302473321,0.4142638952812223,857,1,2026-04,0
2317,2026-04-16,1.0,-0.004830917874396157,2,0.3544906392216738,0.23537439698462945,0.4101349637936967,857,1,2026-04,0
2317,2026-04-17,2.0,0.00728155339805836,2,0.3544906392216738,0.23537439698462945,0.4101349637936967,857,1,2026-04,1
2317,2026-04-20,2.0,0.01686746987951815,2,0.3526897556117048,0.23603105964436977,0.4112791847439254,857,1,2026-04,1
2317,2026-04-21,2.0,0.04739336492891,2,0.3529588626490964,0.2339140264997262,0.41312711085117737,857,1,2026-04,1
2317,2026-04-22,2.0,0.018099547511312153,2,0.3633837961653548,0.22757888451486272,0.40903731931978243,857,1,2026-04,1
2317,2026-04-23,0.0,-0.015555555555555545,2,0.3570560183457488,0.22984095168966853,0.4131030299645827,857,1,2026-04,0
2317,2026-04-24,2.0,0.02934537246049662,2,0.3544906392216738,0.23537439698462945,0.4101349637936967,857,1,2026-04,1
2317,2026-04-27,0.0,-0.010964912280701733,2,0.3607984659600331,0.2330743514623854,0.40612718257758157,857,1,2026-04,0
2317,2026-04-28,1.0,-0.0022172949002217113,2,0.3607984659600331,0.2330743514623854,0.40612718257758157,857,1,2026-04,0
2317,2026-04-29,0.0,-0.02444444444444449,2,0.3526897556117048,0.23603105964436977,0.4112791847439254,857,1,2026-04,0
2317,2026-04-30,2.0,0.036446469248291535,2,0.3544906392216738,0.23537439698462945,0.4101349637936967,857,1,2026-04,1
2454,2026-04-01,1.0,0.0,2,0.3494049100344386,0.23383273783310668,0.41676235213245477,857,1,2026-04,0
2454,2026-04-02,1.0,0.0034129692832765013,2,0.35586701881725397,0.22612680140242716,0.4180061797803189,857,1,2026-04,0
2454,2026-04-07,2.0,0.0748299319727892,2,0.3526897556117048,0.23603105964436977,0.4112791847439254,857,1,2026-04,1
2454,2026-04-08,1.0,-0.0031645569620253333,2,0.3481504771440725,0.22588110854110532,0.42596841431482213,857,1,2026-04,0
2454,2026-04-09,1.0,0.0,2,0.35750843802432875,0.2271698002065589,0.4153217617691124,857,1,2026-04,0
2454,2026-04-10,2.0,0.02857142857142847,2,0.36461222773895424,0.23168372580534732,0.4037040464556985,857,1,2026-04,1
2454,2026-04-13,2.0,0.06172839506172845,2,0.3526897556117048,0.23603105964436977,0.4112791847439254,857,1,2026-04,1
2454,2026-04-14,2.0,0.04069767441860472,2,0.34569187387524564,0.23134785743834682,0.4229602686864075,857,1,2026-04,1
2454,2026-04-15,2.0,0.05865921787709505,2,0.3633837961653548,0.22757888451486272,0.40903731931978243,857,1,2026-04,1
2454,2026-04-16,2.0,0.0158311345646438,2,0.3570560183457488,0.22984095168966853,0.4131030299645827,857,1,2026-04,1
2454,2026-04-17,0.0,-0.012987012987012991,2,0.3544906392216738,0.23537439698462945,0.4101349637936967,857,1,2026-04,0
2454,2026-04-20,2.0,0.10000000000000009,2,0.3607984659600331,0.2330743514623854,0.40612718257758157,857,1,2026-04,1
2454,2026-04-21,2.0,0.09808612440191378,2,0.3537276143796669,0.2285066099061804,0.4177657757141527,857,1,2026-04,1
2454,2026-04-22,0.0,-0.034858387799564294,2,0.3562122551215919,0.22308751388079778,0.42070023099761034,857,1,2026-04,0
2454,2026-04-23,2.0,0.09932279909706554,2,0.3474903615757577,0.23068562125187977,0.42182401717236256,857,1,2026-04,1
2454,2026-04-24,1.0,0.0,2,0.3474439155487567,0.23078844884181793,0.42176763560942543,857,1,2026-04,0
2454,2026-04-27,2.0,0.07392197125256672,2,0.3536950575344218,0.22857761762479722,0.417727324840781,857,1,2026-04,1
2454,2026-04-28,0.0,-0.015296367112810683,2,0.3536950575344218,0.22857761762479722,0.417727324840781,857,1,2026-04,0
2454,2026-04-29,2.0,0.013592233009708687,2,0.347232648525576,0.23086316730622747,0.4219041841681965,857,1,2026-04,1
2454,2026-04-30,2.0,0.09961685823754785,2,0.3474439155487567,0.23078844884181793,0.42176763560942543,857,1,2026-04,1
2882,2026-04-01,1.0,-0.0013908205841447474,2,0.3381858736699624,0.2362027453892371,0.42561138094080053,857,1,2026-04,0
2882,2026-04-02,1.0,0.001392757660167332,2,0.3537954530010648,0.2306316562485094,0.4155728907504259,857,1,2026-04,0
2882,2026-04-07,2.0,0.02642559109874809,2,0.3470054123507224,0.23222691863396538,0.42076766901531226,857,1,2026-04,1
2882,2026-04-08,1.0,-0.0027100271002710175,2,0.3607984659600331,0.2330743514623854,0.40612718257758157,857,1,2026-04,0
2882,2026-04-09,0.0,-0.009510869565217184,2,0.3544906392216738,0.23537439698462945,0.4101349637936967,857,1,2026-04,0
2882,2026-04-10,0.0,-0.012345679012345734,2,0.3544906392216738,0.23537439698462945,0.4101349637936967,857,1,2026-04,0
2882,2026-04-13,2.0,0.009722222222222188,2,0.36559061301204915,0.23509716790441923,0.39931221908353165,857,1,2026-04,1
2882,2026-04-14,1.0,0.0027510316368639653,2,0.36559061301204915,0.23509716790441923,0.39931221908353165,857,1,2026-04,0
2882,2026-04-15,2.0,0.017832647462276974,2,0.3449312651711045,0.23681611037167913,0.4182526244572164,857,1,2026-04,1
2882,2026-04-16,2.0,0.010781671159029615,2,0.3512761969303163,0.2261204160132948,0.4226033870563889,857,1,2026-04,1
2882,2026-04-17,0.0,-0.005333333333333412,2,0.3487929105971783,0.23159122391659806,0.4196158654862236,857,1,2026-04,0
2882,2026-04-20,2.0,0.012064343163538993,2,0.35986710795539745,0.2314166034112026,0.4087162886333999,857,1,2026-04,1
2882,2026-04-21,2.0,0.005298013245033095,2,0.35505511768801623,0.2293641716805478,0.415580710631436,857,1,2026-04,1
2882,2026-04-22,0.0,-0.01449275362318847,2,0.3529588626490964,0.2339140264997262,0.41312711085117737,857,1,2026-04,0
2882,2026-04-23,1.0,0.0013368983957220415,2,0.3540572861309363,0.23351693171763713,0.41242578215142656,857,1,2026-04,0
2882,2026-04-24,0.0,-0.005340453938584844,2,0.35986710795539745,0.2314166034112026,0.4087162886333999,857,1,2026-04,0
2882,2026-04-27,1.0,0.0026845637583892135,2,0.3540572861309363,0.23351693171763713,0.41242578215142656,857,1,2026-04,0
2882,2026-04-28,2.0,0.052208835341365445,2,0.3449312651711045,0.23681611037167913,0.4182526244572164,857,1,2026-04,1
2882,2026-04-29,0.0,-0.01781170483460548,2,0.3633837961653548,0.22757888451486272,0.40903731931978243,857,1,2026-04,0
2882,2026-04-30,0.0,-0.012953367875647714,2,0.3542774136307406,0.23545214619778898,0.4102704401714705,857,1,2026-04,0
2603,2026-04-01,0.0,-0.009779951100244544,2,0.3459524890291624,0.22606755142189625,0.4279799595489413,857,1,2026-04,0
2603,2026-04-02,1.0,0.0024691358024691024,2,0.35914345896391475,0.23411790645997066,0.40673863457611464,857,1,2026-04,0
2603,2026-04-07,1.0,-0.0049261083743842304,2,0.3520428284205719,0.24011765759792364,0.40783951398150453,857,1,2026-04,0
2603,2026-04-08,1.0,0.004950495049504955,2,0.3552492744714456,0.2304868302473321,0.4142638952812223,857,1,2026-04,0
2603,2026-04-09,1.0,-0.0024630541871921707,2,0.3525525100528212,0.23992878159650813,0.4075187083506706,857,1,2026-04,0
2603,2026-04-10,0.0,-0.012345679012345734,2,0.3513540312222924,0.2396478500732173,0.40899811870449027,857,1,2026-04,0
2603,2026-04-13,1.0,0.004999999999999893,2,0.3498598568220051,0.24019988569804054,0.40994025747995433,857,1,2026-04,0
2603,2026-04-14,2.0,0.00995024875621886,2,0.34596768853774157,0.24163788085463506,0.41239443060762326,857,1,2026-04,1
2603,2026-04-15,0.0,-0.007389162561576401,2,0.3449312651711045,0.23681611037167913,0.4182526244572164,857,1,2026-04,0
2603,2026-04-16,0.0,-0.017369727047146455,2,0.36135738393020633,0.22260649809085023,0.41603611797894335,857,1,2026-04,0
2603,2026-04-17,0.0,-0.005050505050505083,2,0.36135738393020633,0.22260649809085023,0.41603611797894335,857,1,2026-04,0
2603,2026-04-20,2.0,0.02284263959390853,2,0.3449312651711045,0.23681611037167913,0.4182526244572164,857,1,2026-04,1
2603,2026-04-21,1.0,0.002481389578163684,2,0.3505473078499235,0.240671862276974,0.40878082987310244,857,1,2026-04,0
2603,2026-04-22,1.0,-0.004950495049504955,2,0.3520428284205719,0.24011765759792364,0.40783951398150453,857,1,2026-04,0
2603,2026-04-23,1.0,0.0024875621890547706,2,0.36461222773895424,0.23168372580534732,0.4037040464556985,857,1,2026-04,0
2603,2026-04-24,0.0,-0.00992555831265507,2,0.3567360050794348,0.23254853898503633,0.41071545593552894,857,1,2026-04,0
2603,2026-04-27,1.0,0.0025062656641603454,2,0.3449312651711045,0.23681611037167913,0.4182526244572164,857,1,2026-04,0
2603,2026-04-28,2.0,0.007500000000000062,2,0.3513540312222924,0.2396478500732173,0.40899811870449027,857,1,2026-04,1
2603,2026-04-29,1.0,0.002481389578163684,2,0.34596768853774157,0.24163788085463506,0.41239443060762326,857,1,2026-04,0
2603,2026-04-30,2.0,0.01980198019801982,2,0.3518632571555857,0.2394597121582539,0.40867703068616046,857,1,2026-04,1
2308,2026-04-01,0.0,-0.03050847457627115,2,0.3459524890291624,0.22606755142189625,0.4279799595489413,857,1,2026-04,0
2308,2026-04-02,2.0,0.05944055944055937,2,0.36324295475269774,0.22537563275622716,0.41138141249107496,857,1,2026-04,1
2308,2026-04-07,2.0,0.0990099009900991,2,0.34758643149516666,0.22713527425716304,0.42527829424767033,857,1,2026-04,1
2308,2026-04-08,0.0,-0.012012012012011963,2,0.3536950575344218,0.22857761762479722,0.417727324840781,857,1,2026-04,0
2308,2026-04-09,2.0,0.054711246200607855,2,0.3474439155487567,0.23078844884181793,0.42176763560942543,857,1,2026-04,1
2308,2026-04-10,1.0,0.0028818443804035088,2,0.3474439155487567,0.23078844884181793,0.42176763560942543,857,1,2026-04,0
2308,2026-04-13,2.0,0.005747126436781658,2,0.3606096814393154,0.22613213383672265,0.41325818472396203,857,1,2026-04,1
2308,2026-04-14,2.0,0.020000000000000018,2,0.3536950575344218,0.22857761762479722,0.417727324840781,857,1,2026-04,1
2308,2026-04-15,2.0,0.03361344537815136,2,0.357508761908858,0.23104224765471798,0.41144899043642397,857,1,2026-04,1
2308,2026-04-16,1.0,-0.0027100271002710175,2,0.3512268464232284,0.23330124791391058,0.415471905662861,857,1,2026-04,0
2308,2026-04-17,2.0,0.032608695652173836,2,0.3512268464232284,0.23330124791391058,0.415471905662861,857,1,2026-04,1
2308,2026-04-20,2.0,0.06052631578947376,2,0.357508761908858,0.23104224765471798,0.41144899043642397,857,1,2026-04,1
2308,2026-04-21,1.0,0.0,2,0.357508761908858,0.23104224765471798,0.41144899043642397,857,1,2026-04,0
2308,2026-04-22,0.0,-0.017369727047146455,2,0.357508761908858,0.23104224765471798,0.41144899043642397,857,1,2026-04,0
2308,2026-04-23,2.0,0.04797979797979801,2,0.35127430942370447,0.2331976401640878,0.41552805041220775,857,1,2026-04,1
2308,2026-04-24,0.0,-0.026506024096385583,2,0.3512268464232284,0.23330124791391058,0.415471905662861,857,1,2026-04,0
2308,2026-04-27,2.0,0.051980198019802026,2,0.34565966105580115,0.2314194832258043,0.42292085571839455,857,1,2026-04,1
2308,2026-04-28,2.0,0.018823529411764683,2,0.3536950575344218,0.22857761762479722,0.417727324840781,857,1,2026-04,1
2308,2026-04-29,1.0,0.0,2,0.347232648525576,0.23086316730622747,0.4219041841681965,857,1,2026-04,0
2308,2026-04-30,2.0,0.025404157043879882,2,0.3512268464232284,0.23330124791391058,0.415471905662861,857,1,2026-04,1
2330,2026-05-04,0.0,-0.01098901098901095,2,0.3507449203189714,0.21210450354591892,0.43715057613510955,977,11,2026-05,0
2330,2026-05-05,1.0,0.0,2,0.37382633488978934,0.19924222852395884,0.42693143658625177,977,11,2026-05,0
2330,2026-05-06,2.0,0.026666666666666616,2,0.37472864784729915,0.21473847545162475,0.41053287670107613,977,11,2026-05,1
2330,2026-05-07,0.0,-0.008658008658008698,2,0.3681224052849446,0.2053609921639861,0.4265166025510694,977,11,2026-05,0
2330,2026-05-08,0.0,-0.024017467248908297,0,0.39741081153403923,0.21762368458207526,0.38496550388388556,977,11,2026-05,1
2330,2026-05-11,2.0,0.008948545861297452,2,0.385151638565972,0.18430435509139487,0.43054400634263307,977,11,2026-05,1
2330,2026-05-12,0.0,-0.01552106430155209,2,0.38662132418444234,0.1794506116563256,0.4339280641592322,977,11,2026-05,0
2330,2026-05-13,2.0,0.022522522522522515,0,0.3930265674489852,0.2147280810739974,0.39224535147701733,977,11,2026-05,0
2330,2026-05-14,1.0,-0.0022026431718061845,0,0.41326638038269115,0.20540651680870192,0.38132710280860693,977,11,2026-05,0
2330,2026-05-15,0.0,-0.01103752759381893,2,0.3837157572388373,0.20014805546071104,0.4161361873004516,977,11,2026-05,0
2330,2026-05-18,0.0,-0.015625,2,0.4020659408543645,0.19440430289386668,0.4035297562517688,977,11,2026-05,0
2330,2026-05-19,0.0,-0.009070294784580546,0,0.4148262031827787,0.1862444725764504,0.3989293242407708,977,11,2026-05,1
2330,2026-05-20,2.0,0.020594965675057253,0,0.39894234985332694,0.20841607829189776,0.3926415718547753,977,11,2026-05,0
2330,2026-05-21,2.0,0.011210762331838486,2,0.3802185711524641,0.1886441972772604,0.43113723157027556,977,11,2026-05,1
2330,2026-05-22,2.0,0.024390243902439046,0,0.4135107569867682,0.1933577949500656,0.39313144806316613,977,11,2026-05,0
2330,2026-05-25,0.0,-0.017316017316017285,2,0.35913777977757805,0.2411043811209662,0.39975783910145574,977,11,2026-05,0
2330,2026-05-26,2.0,0.013215859030837107,0,0.38319161746164054,0.23886363811382255,0.37794474442453696,977,11,2026-05,0
2330,2026-05-27,1.0,-0.0021739130434782483,2,0.3895874206050998,0.19651623569844504,0.4138963436964551,977,11,2026-05,0
2330,2026-05-28,2.0,0.02614379084967311,0,0.44232232451182046,0.18167516674498294,0.3760025087431967,977,11,2026-05,0
2330,2026-05-29,1.0,0.0,0,0.42798288175942356,0.17212735419719086,0.39988976404338544,977,11,2026-05,0
2317,2026-05-04,2.0,0.05274725274725278,2,0.35671439263275867,0.20911820972063508,0.43416739764660617,977,11,2026-05,1
2317,2026-05-05,2.0,0.05219206680584554,2,0.395230173134212,0.19270866551771082,0.4120611613480772,977,11,2026-05,1
2317,2026-05-06,2.0,0.005952380952380931,2,0.3820560382648932,0.20550514157677455,0.4124388201583323,977,11,2026-05,1
2317,2026-05-07,0.0,-0.013806706114398382,0,0.3966885684651745,0.21642142239655895,0.38689000913826654,977,11,2026-05,1
2317,2026-05-08,2.0,0.008000000000000007,0,0.4061558221279414,0.22333370570384248,0.37051047216821614,977,11,2026-05,0
2317,2026-05-11,0.0,-0.007936507936507908,2,0.34482325275576414,0.20556504810275206,0.4496116991414837,977,11,2026-05,0
2317,2026-05-12,1.0,0.0040000000000000036,2,0.33592087494620115,0.23096462155563893,0.43311450349815994,977,11,2026-05,0
2317,2026-05-13,0.0,-0.02589641434262946,0,0.40972395133469586,0.2015823749579341,0.3886936737073701,977,11,2026-05,1
2317,2026-05-14,2.0,0.01635991820040905,2,0.3650854072516838,0.20756046921426208,0.42735412353405416,977,11,2026-05,1
2317,2026-05-15,1.0,0.0,2,0.37040727583934097,0.17960905371937488,0.44998367044128407,977,11,2026-05,0
2317,2026-05-18,0.0,-0.014084507042253502,2,0.34601874776124647,0.20681034927923292,0.4471709029595206,977,11,2026-05,0
2317,2026-05-19,0.0,-0.020408163265306145,2,0.3557987974380956,0.21145348585691887,0.43274771670498546,977,11,2026-05,0
2317,2026-05-20,2.0,0.03125,2,0.36804738212208404,0.2376385704308871,0.39431404744702886,977,11,2026-05,1
2317,2026-05-21,2.0,0.010101010101010166,2,0.37416738247529535,0.21565457022733722,0.41017804729736745,977,11,2026-05,1
2317,2026-05-22,2.0,0.04400000000000004,0,0.4001956360795208,0.22945371492519773,0.3703506489952815,977,11,2026-05,0
2317,2026-05-25,0.0,-0.007662835249042099,2,0.3343355124341589,0.1995441610277798,0.4661203265380614,977,11,2026-05,0
2317,2026-05-26,2.0,0.019305019305019266,2,0.3415096416854451,0.2379638556287083,0.4205265026858466,977,11,2026-05,1
2317,2026-05-27,1.0,-0.0037878787878787845,2,0.35061332868233874,0.24996821491329682,0.3994184564043645,977,11,2026-05,0
2317,2026-05-28,2.0,0.09885931558935357,0,0.42561589746834244,0.2249087753171457,0.34947532721451186,977,11,2026-05,0
2317,2026-05-29,2.0,0.015570934256055269,2,0.40489248769720193,0.18919508122613435,0.4059124310766637,977,11,2026-05,1
2454,2026-05-06,1.0,-0.002915451895043719,2,0.37843130844959016,0.19641158207903964,0.42515710947137014,977,11,2026-05,0
2454,2026-05-07,2.0,0.06140350877192979,0,0.3924594862688924,0.22169655030094698,0.3858439634301606,977,11,2026-05,0
2454,2026-05-08,2.0,0.06887052341597788,2,0.37245994371688207,0.209129669265756,0.41841038701736183,977,11,2026-05,1
2454,2026-05-11,0.0,-0.046391752577319534,2,0.36688246493662063,0.20121047201615097,0.43190706304722837,977,11,2026-05,0
2454,2026-05-12,0.0,-0.055405405405405395,2,0.3610516529945716,0.20614683444380225,0.43280151256162613,977,11,2026-05,0
2454,2026-05-13,0.0,-0.025751072961373356,2,0.37259580380162427,0.2104137936227717,0.41699040257560394,977,11,2026-05,0
2454,2026-05-14,0.0,-0.042584434654919234,2,0.3643573077395147,0.18558635778733465,0.4500563344731507,977,11,2026-05,0
2454,2026-05-15,2.0,0.042944785276073594,2,0.3845448819119082,0.19909975800729424,0.4163553600807975,977,11,2026-05,1
2454,2026-05-18,0.0,-0.07205882352941173,2,0.3736432814760845,0.20647680698129103,0.4198799115426245,977,11,2026-05,0
2454,2026-05-19,2.0,0.023771790808240878,2,0.3047756634889006,0.19130911249381205,0.5039152240172874,977,11,2026-05,1
2454,2026-05-20,2.0,0.09907120743034059,2,0.35639830630068803,0.21514603691143713,0.4284556567878748,977,11,2026-05,1
2454,2026-05-21,2.0,0.08732394366197194,2,0.36410733138376034,0.20934828386906118,0.4265443847471784,977,11,2026-05,1
2454,2026-05-22,2.0,0.09974093264248696,2,0.3804398943238791,0.2104669490783872,0.40909315659773365,977,11,2026-05,1
2454,2026-05-26,2.0,0.08792497069167649,2,0.34466207408493815,0.17945757793599681,0.4758803479790649,977,11,2026-05,1
2454,2026-05-27,0.0,-0.049568965517241326,2,0.38113540958068415,0.20894652733805988,0.40991806308125595,977,11,2026-05,0
2454,2026-05-28,0.0,-0.0226757369614512,0,0.4291758169407504,0.20028172627177848,0.37054245678747116,977,11,2026-05,1
2454,2026-05-29,2.0,0.05684454756380508,0,0.4179341432624116,0.19608540026972854,0.3859804564678599,977,11,2026-05,0
2882,2026-05-04,2.0,0.013123359580052396,2,0.3603387095865284,0.20555543964129958,0.43410585077217195,977,11,2026-05,1
2882,2026-05-05,2.0,0.01943005181347157,2,0.3656596012639235,0.22554372379459103,0.4087966749414855,977,11,2026-05,1
2882,2026-05-06,1.0,0.003811944091486552,2,0.3656408193523386,0.22729780733384677,0.4070613733138147,977,11,2026-05,0
2882,2026-05-07,2.0,0.012658227848101333,0,0.3912907767044996,0.251432197785369,0.3572770255101314,977,11,2026-05,0
2882,2026-05-08,0.0,-0.019999999999999907,2,0.35264702190830133,0.19783424549860867,0.4495187325930899,977,11,2026-05,0
2882,2026-05-11,0.0,-0.025510204081632626,2,0.3547571112840414,0.2365656288420429,0.40867725987391573,977,11,2026-05,0
2882,2026-05-12,2.0,0.011780104712041828,2,0.38997544573459797,0.1787151778338357,0.43130937643156636,977,11,2026-05,1
2882,2026-05-13,0.0,-0.0077619663648123005,2,0.3968291654790184,0.2027124807088825,0.4004583538120992,977,11,2026-05,0
2882,2026-05-14,2.0,0.015645371577575062,0,0.44184252589908285,0.199353193402749,0.35880428069816805,977,11,2026-05,0
2882,2026-05-15,0.0,-0.01412066752246477,0,0.41918600471298934,0.17126672144397967,0.4095472738430309,977,11,2026-05,1
2882,2026-05-18,2.0,0.01302083333333326,2,0.3488572929786689,0.2474421417356509,0.40370056528568016,977,11,2026-05,1
2882,2026-05-19,1.0,0.0012853470437019787,2,0.35460070311380393,0.20105120866346088,0.44434808822273514,977,11,2026-05,0
2882,2026-05-20,2.0,0.010269576379974277,2,0.3633784924775859,0.2281456166613954,0.40847589086101865,977,11,2026-05,1
2882,2026-05-21,2.0,0.01270648030495547,2,0.3921471168099304,0.2046323672200589,0.40322051597001074,977,11,2026-05,1
2882,2026-05-22,2.0,0.02258469259723972,2,0.3828317730290802,0.21250204236462614,0.4046661846062937,977,11,2026-05,1
2882,2026-05-25,2.0,0.019631901840490684,2,0.37557628375150004,0.1972453852052217,0.4271783310432783,977,11,2026-05,1
2882,2026-05-26,2.0,0.02767749699157651,2,0.38861837099756974,0.17796169434412923,0.43341993465830114,977,11,2026-05,1
2882,2026-05-27,0.0,-0.007025761124121899,0,0.4366638664419499,0.17053925982469917,0.392796873733351,977,11,2026-05,1
2882,2026-05-28,2.0,0.010613207547169878,2,0.41108760192855404,0.17573188643499424,0.41318051163645164,977,11,2026-05,1
2882,2026-05-29,2.0,0.029171528588098017,2,0.40584199754095274,0.17794668013369805,0.41621132232534913,977,11,2026-05,1
2603,2026-05-04,2.0,0.009708737864077666,2,0.32456274932418056,0.23279978795462136,0.442637462721198,977,11,2026-05,1
2603,2026-05-05,2.0,0.019230769230769162,2,0.3440974869758878,0.2617131506994172,0.3941893623246951,977,11,2026-05,1
2603,2026-05-06,2.0,0.007075471698113178,2,0.3573137355949582,0.23252344264023592,0.41016282176480595,977,11,2026-05,1
2603,2026-05-07,0.0,-0.00936768149882905,0,0.3798010695656818,0.2549572407188501,0.3652416897154681,977,11,2026-05,1
2603,2026-05-08,2.0,0.011820330969267046,2,0.3620810319055093,0.24737145748780393,0.3905475106066867,977,11,2026-05,1
2603,2026-05-11,1.0,0.0,0,0.37249090846616445,0.2625926835725373,0.36491640796129826,977,11,2026-05,0
2603,2026-05-12,0.0,-0.01869158878504673,2,0.32841181083666326,0.26827616119334585,0.4033120279699909,977,11,2026-05,0
2603,2026-05-13,2.0,0.0071428571428571175,2,0.3478209964115046,0.23049518483059325,0.4216838187579022,977,11,2026-05,1
2603,2026-05-14,0.0,-0.05200945626477538,2,0.34431326543979107,0.24795072271154855,0.4077360118486604,977,11,2026-05,0
2603,2026-05-15,0.0,-0.014962593516209433,0,0.43155328053024783,0.17381629468200088,0.3946304247877513,977,11,2026-05,1
2603,2026-05-18,1.0,-0.0025316455696202667,2,0.3772947107367709,0.22235486093660925,0.4003504283266198,977,11,2026-05,0
2603,2026-05-19,2.0,0.07868020304568524,2,0.3387494079100276,0.23434822981426026,0.42690236227571204,977,11,2026-05,1
2603,2026-05-20,1.0,-0.0023529411764705577,2,0.37987957670479033,0.18325642433112324,0.43686399896408645,977,11,2026-05,0
2603,2026-05-21,2.0,0.03301886792452824,0,0.3931287425283687,0.21762488943188607,0.38924636803974516,977,11,2026-05,0
2603,2026-05-22,0.0,-0.022831050228310557,2,0.3808670817003332,0.18176241296821063,0.43737050533145616,977,11,2026-05,0
2603,2026-05-25,0.0,-0.011682242990654235,2,0.37047716466497776,0.21503905432756493,0.41448378100745725,977,11,2026-05,0
2603,2026-05-26,1.0,0.0,2,0.3408476870205199,0.19482751288643552,0.46432480009304455,977,11,2026-05,0
2603,2026-05-27,1.0,-0.0023640661938534313,2,0.39017041027204546,0.19662286774877508,0.4132067219791795,977,11,2026-05,0
2603,2026-05-28,2.0,0.009478672985782088,0,0.4542968726117153,0.19530718761211843,0.3503959397761664,977,11,2026-05,0
2603,2026-05-29,2.0,0.05164319248826299,0,0.43184123200995667,0.18397069783730338,0.38418807015273987,977,11,2026-05,0
2308,2026-05-04,0.0,-0.024774774774774744,2,0.3521946630745671,0.19299938856270474,0.4548059483627281,977,11,2026-05,0
2308,2026-05-05,2.0,0.020785219399538146,2,0.37416337827153145,0.2115481254995358,0.41428849622893266,977,11,2026-05,1
2308,2026-05-06,2.0,0.03167420814479649,2,0.3414746703682748,0.21259923215038515,0.44592609748133993,977,11,2026-05,1
2308,2026-05-07,0.0,-0.03508771929824561,2,0.3649002895472428,0.21964711048316418,0.41545259996959305,977,11,2026-05,0
2308,2026-05-08,2.0,0.020454545454545503,2,0.3813314167364855,0.21261908458482576,0.40604949867868867,977,11,2026-05,1
2308,2026-05-11,0.0,-0.022271714922049046,2,0.3259772555149098,0.21245296440885464,0.4615697800762356,977,11,2026-05,0
2308,2026-05-12,0.0,-0.013667425968109326,2,0.35489093261383486,0.20701310539146273,0.43809596199470247,977,11,2026-05,0
2308,2026-05-13,1.0,-0.004618937644341847,2,0.3527544973873583,0.19620230080277082,0.45104320180987084,977,11,2026-05,0
2308,2026-05-14,0.0,-0.037122969837587005,2,0.37834572826541635,0.20006055801581288,0.42159371371877086,977,11,2026-05,0
2308,2026-05-15,0.0,-0.026506024096385583,0,0.40614044408090283,0.2222818193158442,0.371577736603253,977,11,2026-05,1
2308,2026-05-18,0.0,-0.051980198019802026,2,0.3384358209269523,0.2197654306405535,0.4417987484324942,977,11,2026-05,0
2308,2026-05-19,1.0,0.0,0,0.38846513177997744,0.23544073140706992,0.3760941368129527,977,11,2026-05,0
2308,2026-05-20,2.0,0.06005221932114879,2,0.34493663364125854,0.23160291766368304,0.42346044869505844,977,11,2026-05,1
2308,2026-05-21,2.0,0.03201970443349755,2,0.398994700017221,0.1808775151586627,0.42012778482411633,977,11,2026-05,1
2308,2026-05-22,2.0,0.09307875894988071,2,0.39161623132574763,0.1934940663642231,0.41488970231002925,977,11,2026-05,1
2308,2026-05-25,2.0,0.026200873362445476,2,0.31964598241467973,0.23497517864789305,0.44537883893742725,977,11,2026-05,1
2308,2026-05-26,2.0,0.07234042553191489,2,0.3124549936983522,0.2016154548947049,0.48592955140694305,977,11,2026-05,1
2308,2026-05-27,0.0,-0.051587301587301626,2,0.34542030615662556,0.24009590542324688,0.41448378842012756,977,11,2026-05,0
2308,2026-05-28,2.0,0.023012552301255207,2,0.3792498404185129,0.23012853770530933,0.3906216218761778,977,11,2026-05,1
2308,2026-05-29,0.0,-0.010224948875255602,2,0.4004638682739093,0.18456353436053122,0.41497259736555947,977,11,2026-05,0
2330,2026-06-01,2.0,0.010615711252653925,2,0.35946414265891924,0.23422723875901433,0.40630861858206646,1094,8,2026-06,1
2330,2026-06-02,2.0,0.018907563025210017,2,0.3378455971904992,0.2509394270003342,0.41121497580916655,1094,8,2026-06,1
2330,2026-06-03,0.0,-0.016494845360824795,2,0.33472318479476826,0.26172400429195286,0.40355281091327905,1094,8,2026-06,0
2330,2026-06-04,0.0,-0.008385744234800874,2,0.3355031016283188,0.26109336090330765,0.40340353746837354,1094,8,2026-06,0
2330,2026-06-05,0.0,-0.029598308668076112,2,0.36714355414426164,0.21111763544121617,0.4217388104145221,1094,8,2026-06,0
2330,2026-06-08,1.0,0.004357298474945592,2,0.36823362711844865,0.21729202524404878,0.4144743476375025,1094,8,2026-06,0
2330,2026-06-09,0.0,-0.021691973969631184,2,0.3590747306468334,0.21817121512888146,0.422754054224285,1094,8,2026-06,0
2330,2026-06-10,1.0,-0.0022172949002217113,2,0.3900610001515699,0.18559050345387124,0.4243484963945589,1094,8,2026-06,0
2330,2026-06-11,2.0,0.026666666666666616,2,0.4007888514692239,0.18858984393442718,0.41062130459634893,1094,8,2026-06,1
2330,2026-06-12,2.0,0.02813852813852824,2,0.36833942329524416,0.20235573567995216,0.4293048410248036,1094,8,2026-06,1
2330,2026-06-15,2.0,0.010526315789473717,2,0.3548312205558914,0.24396193707380737,0.40120684237030124,1094,8,2026-06,1
2330,2026-06-16,0.0,-0.006249999999999978,2,0.3737558383480413,0.2321911205577931,0.39405304109416556,1094,8,2026-06,0
2330,2026-06-17,2.0,0.01048218029350112,0,0.4004710486067117,0.2167813972619272,0.3827475541313611,1094,8,2026-06,0
2330,2026-06-18,2.0,0.04149377593361003,2,0.3773892847331691,0.21770586247034168,0.4049048527964892,1094,8,2026-06,1
2330,2026-06-22,0.0,-0.007968127490039834,2,0.37729700983888637,0.22631744908152465,0.3963855410795889,1094,8,2026-06,0
2330,2026-06-23,0.0,-0.04016064257028118,2,0.3833246501501924,0.22167255029097044,0.39500279955883716,1094,8,2026-06,0
2330,2026-06-24,1.0,0.0,0,0.4315863069915851,0.1922179424779294,0.3761957505304854,1094,8,2026-06,0
2330,2026-06-25,0.0,-0.02092050209205021,0,0.3924246400984974,0.21701413603224023,0.39056122386926234,1094,8,2026-06,1
2330,2026-06-26,2.0,0.012820512820512775,0,0.42390754370262707,0.19776375636764235,0.3783286999297306,1094,8,2026-06,0
2330,2026-06-29,2.0,0.016877637130801704,2,0.38965724917996186,0.2170635057474356,0.39327924507260253,1094,8,2026-06,1
2330,2026-06-30,2.0,0.03941908713692954,2,0.3438254051303068,0.20860785114831976,0.4475667437213734,1094,8,2026-06,1
2317,2026-06-01,2.0,0.027257240204429323,2,0.35874154785889056,0.2157885472914294,0.42546990484968,1094,8,2026-06,1
2317,2026-06-02,2.0,0.02487562189054726,2,0.3583847107230511,0.2545689561786549,0.38704633309829406,1094,8,2026-06,1
2317,2026-06-03,0.0,-0.05177993527508096,2,0.3729888003074061,0.211644865956783,0.4153663337358109,1094,8,2026-06,0
2317,2026-06-04,0.0,-0.029010238907849817,2,0.3427002472090648,0.23739046611046663,0.41990928668046856,1094,8,2026-06,0
2317,2026-06-05,0.0,-0.0527240773286467,2,0.3543992402775818,0.2081897829401253,0.4374109767822929,1094,8,2026-06,0
2317,2026-06-08,2.0,0.029684601113172615,2,0.3771576417996241,0.22849303571779733,0.39434932248257853,1094,8,2026-06,1
2317,2026-06-09,0.0,-0.052252252252252274,2,0.3386291345990842,0.20660111712120738,0.45476974827970834,1094,8,2026-06,0
2317,2026-06-10,0.0,-0.017110266159695797,2,0.3504679316415564,0.1908791911037552,0.45865287725468834,1094,8,2026-06,0
2317,2026-06-11,2.0,0.007736943907156624,2,0.3611730523353345,0.1904995493826044,0.44832739828206103,1094,8,2026-06,1
2317,2026-06-12,2.0,0.026871401151631558,2,0.3335063845018102,0.19594988341501796,0.47054373208317196,1094,8,2026-06,1
2317,2026-06-15,2.0,0.005607476635514086,2,0.31618062549374953,0.22268914988039964,0.4611302246258509,1094,8,2026-06,1
2317,2026-06-16,2.0,0.011152416356877248,2,0.33582387549036513,0.22529267037076073,0.4388834541388742,1094,8,2026-06,1
2317,2026-06-17,0.0,-0.012867647058823484,0,0.3909443673525088,0.22372607761811739,0.38532955502937394,1094,8,2026-06,1
2317,2026-06-18,1.0,0.0,0,0.40218090319193156,0.21851491015810096,0.3793041866499676,1094,8,2026-06,0
2317,2026-06-22,0.0,-0.03351955307262566,2,0.356052403030367,0.2385285269705147,0.40541906999911825,1094,8,2026-06,0
2317,2026-06-23,0.0,-0.013487475915221592,2,0.36740385386432445,0.23450596905853638,0.39809017707713923,1094,8,2026-06,0
2317,2026-06-24,2.0,0.005859375,0,0.4004431458760981,0.20119214416989556,0.39836470995400636,1094,8,2026-06,0
2317,2026-06-25,0.0,-0.03495145631067964,2,0.36561705323829835,0.20644577373234912,0.4279371730293526,1094,8,2026-06,0
2317,2026-06-26,0.0,-0.008048289738430636,2,0.37878516517066824,0.22263092768611598,0.3985839071432157,1094,8,2026-06,0
2317,2026-06-29,2.0,0.018255578093306246,2,0.3434494690128004,0.26695500473651507,0.3895955262506846,1094,8,2026-06,1
2317,2026-06-30,0.0,-0.01195219123505975,2,0.3373897510004814,0.2527610484712776,0.40984920052824086,1094,8,2026-06,0
2454,2026-06-01,0.0,-0.00658616904500553,2,0.3370925226165424,0.22164525448027125,0.4412622229031865,1094,8,2026-06,0
2454,2026-06-02,1.0,0.0044198895027625085,2,0.31137781910344603,0.22488588314815094,0.463736297748403,1094,8,2026-06,0
2454,2026-06-03,0.0,-0.025302530253025313,2,0.3397003041561564,0.22170115181777844,0.4385985440260651,1094,8,2026-06,0
2454,2026-06-04,0.0,-0.02934537246049662,2,0.35164124625004756,0.1919511472279585,0.45640760652199397,1094,8,2026-06,0
2454,2026-06-05,0.0,-0.05348837209302326,2,0.36439208624734615,0.19035966717962005,0.44524824657303375,1094,8,2026-06,0
2454,2026-06-08,2.0,0.09950859950859958,2,0.3412112814999593,0.2058420027375454,0.45294671576249534,1094,8,2026-06,1
2454,2026-06-09,0.0,-0.07150837988826819,2,0.3396478420134233,0.21238990347232642,0.4479622545142504,1094,8,2026-06,0
2454,2026-06-10,0.0,-0.016847172081829176,2,0.34061586013116274,0.1912021346584885,0.46818200521034875,1094,8,2026-06,0
2454,2026-06-11,2.0,0.023255813953488413,2,0.3633547916452609,0.1856095972029071,0.451035611151832,1094,8,2026-06,1
2454,2026-06-12,2.0,0.06937799043062198,2,0.3455693240552995,0.18695196504768322,0.46747871089701726,1094,8,2026-06,1
2454,2026-06-15,2.0,0.020134228187919545,2,0.32248723832451076,0.2218531033943635,0.45565965828112576,1094,8,2026-06,1
2454,2026-06-16,0.0,-0.021929824561403466,2,0.3331287536281834,0.2328631126287,0.4340081337431166,1094,8,2026-06,0
2454,2026-06-17,0.0,-0.015695067264574036,2,0.3821189539415989,0.2091366202681259,0.40874442579027515,1094,8,2026-06,0
2454,2026-06-18,2.0,0.017084282460136713,2,0.3711862643769697,0.2089948498495371,0.4198188857734932,1094,8,2026-06,1
2454,2026-06-22,2.0,0.015677491601343796,2,0.3556876260697426,0.22792169904952758,0.41639067488072984,1094,8,2026-06,1
2454,2026-06-23,0.0,-0.055126791620727644,2,0.3323460674172715,0.2167809471153212,0.4508729854674073,1094,8,2026-06,0
2454,2026-06-24,2.0,0.005834305717619559,2,0.38762954151795653,0.20619657243978248,0.40617388604226085,1094,8,2026-06,1
2454,2026-06-25,0.0,-0.09976798143851506,2,0.3798042623238462,0.20917804377643717,0.41101769389971654,1094,8,2026-06,0
2454,2026-06-26,2.0,0.0077319587628865705,2,0.3842821516636624,0.22050726367695198,0.39521058465938563,1094,8,2026-06,1
2454,2026-06-29,2.0,0.08567774936061379,2,0.3296480892052827,0.23330879237034963,0.4370431184243677,1094,8,2026-06,1
2454,2026-06-30,2.0,0.021201413427561766,2,0.35509940227576664,0.2316978962722748,0.4132027014519586,1094,8,2026-06,1
2882,2026-06-01,2.0,0.01133786848072571,2,0.3645072226509113,0.22054959560878884,0.4149431817402999,1094,8,2026-06,1
2882,2026-06-02,2.0,0.029147982062780242,2,0.354089189733926,0.2244257335524512,0.42148507671362284,1094,8,2026-06,1
2882,2026-06-03,2.0,0.028322440087146017,2,0.3759375316131533,0.21262922770250964,0.4114332406843371,1094,8,2026-06,1
2882,2026-06-04,2.0,0.05932203389830493,2,0.37094806854247026,0.20980720119502805,0.4192447302625017,1094,8,2026-06,1
2882,2026-06-05,0.0,-0.050000000000000044,2,0.39892254650472936,0.2009561859653889,0.40012126752988175,1094,8,2026-06,0
2882,2026-06-08,2.0,0.09473684210526323,2,0.35436374655319136,0.22083819392035978,0.42479805952644883,1094,8,2026-06,1
2882,2026-06-09,0.0,-0.039423076923076894,2,0.35782486535088903,0.24435984625143034,0.39781528839768066,1094,8,2026-06,0
2882,2026-06-10,2.0,0.006006006006005871,2,0.35651179880137096,0.22261572657749742,0.42087247462113153,1094,8,2026-06,1
2882,2026-06-11,1.0,0.0,2,0.36394321009931113,0.21798432715303706,0.4180724627476518,1094,8,2026-06,0
2882,2026-06-12,2.0,0.03482587064676612,2,0.3455664331584997,0.22360788574781013,0.43082568109369024,1094,8,2026-06,1
2882,2026-06-15,2.0,0.05288461538461542,2,0.3214558798373704,0.23220672328251418,0.4463373968801154,1094,8,2026-06,1
2882,2026-06-16,2.0,0.0365296803652968,2,0.33772221568345206,0.23312965231837957,0.4291481319981685,1094,8,2026-06,1
2882,2026-06-17,2.0,0.017621145374449254,2,0.38566961605746836,0.2178567723664858,0.3964736115760459,1094,8,2026-06,1
2882,2026-06-18,0.0,-0.02164502164502169,2,0.38566961605746836,0.2178567723664858,0.3964736115760459,1094,8,2026-06,0
2882,2026-06-22,1.0,0.004424778761061843,2,0.3431488561719503,0.2239225206905666,0.4329286231374831,1094,8,2026-06,0
2882,2026-06-23,0.0,-0.03083700440528636,2,0.34731453737250473,0.2336616984638099,0.4190237641636855,1094,8,2026-06,0
2882,2026-06-24,2.0,0.013636363636363669,2,0.36087939324154916,0.20934370081500014,0.42977690594345075,1094,8,2026-06,1
2882,2026-06-25,0.0,-0.04932735426008972,2,0.38267665071704876,0.20220401778915914,0.41511933149379215,1094,8,2026-06,0
2882,2026-06-26,0.0,-0.04245283018867929,2,0.38354320587199847,0.18850762921957165,0.42794916490842994,1094,8,2026-06,0
2882,2026-06-29,0.0,-0.0315270935960591,2,0.3771788203126416,0.21187989770653962,0.41094128198081875,1094,8,2026-06,0
2882,2026-06-30,0.0,-0.033570701932858604,2,0.3584260639933464,0.20860703418064191,0.43296690182601155,1094,8,2026-06,0
2603,2026-06-01,2.0,0.03125,2,0.36313539413033624,0.2471958027341128,0.3896688031355509,1094,8,2026-06,1
2603,2026-06-02,2.0,0.025974025974025983,2,0.3630490678586779,0.23713779601871943,0.3998131361226027,1094,8,2026-06,1
2603,2026-06-03,1.0,-0.00421940928270037,2,0.3920322138913226,0.2151853022135582,0.3927824838951192,1094,8,2026-06,0
2603,2026-06-04,0.0,-0.016949152542372836,2,0.378226886831558,0.23596023962488666,0.38581287354355537,1094,8,2026-06,0
2603,2026-06-05,0.0,-0.03448275862068961,2,0.3673639447749583,0.23527597059111405,0.3973600846339277,1094,8,2026-06,0
2603,2026-06-08,0.0,-0.008928571428571397,2,0.36063501645556667,0.2361248869383033,0.40324009660613,1094,8,2026-06,0
2603,2026-06-09,1.0,0.0045045045045044585,2,0.3523867449127565,0.22182144788883076,0.4257918071984127,1094,8,2026-06,0
2603,2026-06-10,2.0,0.013452914798206317,2,0.3909527973303647,0.19596241200555817,0.41308479066407716,1094,8,2026-06,1
2603,2026-06-11,2.0,0.008849557522123908,2,0.39404661769191984,0.19252857341857185,0.41342480888950844,1094,8,2026-06,1
2603,2026-06-12,0.0,-0.015350877192982448,2,0.3829607995676595,0.2121507822744396,0.4048884181579009,1094,8,2026-06,0
2603,2026-06-15,0.0,-0.017817371937639215,2,0.35224849369748845,0.23057906783418047,0.41717243846833113,1094,8,2026-06,0
2603,2026-06-16,0.0,-0.1201814058956916,0,0.43941918840800753,0.23057096452065035,0.33000984707134196,1094,8,2026-06,1
2603,2026-06-17,0.0,-0.005154639175257714,2,0.3798970277443601,0.2144344792945797,0.4056684929610603,1094,8,2026-06,0
2603,2026-06-18,1.0,0.0,2,0.34262782377871753,0.233891598091352,0.4234805781299304,1094,8,2026-06,0
2603,2026-06-22,0.0,-0.020725388601036232,2,0.3304301336515213,0.2668578912269548,0.40271197512152385,1094,8,2026-06,0
2603,2026-06-23,0.0,-0.013227513227513255,2,0.3333307556105444,0.28686073573206927,0.3798085086573863,1094,8,2026-06,0
2603,2026-06-24,0.0,-0.008042895442359255,2,0.34996540956390443,0.2845577999272692,0.3654767905088264,1094,8,2026-06,0
2603,2026-06-25,0.0,-0.021621621621621623,2,0.35293335794268277,0.28697104660217715,0.36009559545514014,1094,8,2026-06,0
2603,2026-06-26,2.0,0.016574585635359185,0,0.3883678461839094,0.25413344321558734,0.3574987106005033,1094,8,2026-06,0
2603,2026-06-29,1.0,0.0027173913043478937,2,0.33871919184035076,0.26870561967461215,0.39257518848503714,1094,8,2026-06,0
2603,2026-06-30,2.0,0.005420054200542035,2,0.3347576649119447,0.2826431231333735,0.3825992119546817,1094,8,2026-06,1
2308,2026-06-01,0.0,-0.024793388429752095,2,0.3225072785327981,0.238349671341989,0.4391430501252129,1094,8,2026-06,0
2308,2026-06-02,2.0,0.0402542372881356,2,0.3150394211638612,0.2312178082261523,0.45374277060998663,1094,8,2026-06,1
2308,2026-06-03,0.0,-0.012219959266802416,2,0.3819015976122439,0.22791276046980746,0.3901856419179486,1094,8,2026-06,0
2308,2026-06-04,0.0,-0.05154639175257736,2,0.3390029511105317,0.20822331996140417,0.4527737289280642,1094,8,2026-06,0
2308,2026-06-05,0.0,-0.019565217391304346,2,0.35115004851780074,0.18538425071301096,0.46346570076918836,1094,8,2026-06,0
2308,2026-06-08,2.0,0.07095343680709543,2,0.34012232597747766,0.2085723397704354,0.4513053342520869,1094,8,2026-06,1
2308,2026-06-09,0.0,-0.08902691511387162,2,0.3391363045225944,0.204878177144212,0.45598551833319345,1094,8,2026-06,0
2308,2026-06-10,0.0,-0.018181818181818188,2,0.34641050213448593,0.19143084205464514,0.46215865581086907,1094,8,2026-06,0
2308,2026-06-11,2.0,0.02546296296296302,2,0.3588094126496586,0.18713609927288227,0.4540544880774591,1094,8,2026-06,1
2308,2026-06-12,1.0,-0.0022573363431150906,2,0.35540938372901154,0.1895103766512491,0.4550802396197393,1094,8,2026-06,0
2308,2026-06-15,2.0,0.009049773755656076,2,0.3338153813909914,0.2099923802336679,0.45619223837534073,1094,8,2026-06,1
2308,2026-06-16,0.0,-0.03363228699551568,2,0.3338650815709187,0.21495938204486484,0.4511755363842165,1094,8,2026-06,0
2308,2026-06-17,1.0,-0.002320185614849146,0,0.4084133980652014,0.20519658810660527,0.38639001382819327,1094,8,2026-06,0
2308,2026-06-18,1.0,0.0,0,0.39964844515378206,0.20285849081235985,0.3974930640338581,1094,8,2026-06,0
2308,2026-06-22,0.0,-0.032558139534883734,2,0.3683613231415937,0.21308092291743874,0.41855775394096756,1094,8,2026-06,0
2308,2026-06-23,0.0,-0.038461538461538436,2,0.34744142080608603,0.23885323777415726,0.4137053414197568,1094,8,2026-06,0
2308,2026-06-24,0.0,-0.010000000000000009,2,0.36667726824483576,0.21302621140899425,0.4202965203461701,1094,8,2026-06,0
2308,2026-06-25,0.0,-0.08585858585858586,2,0.3118515960623613,0.24524814820228943,0.44290025573534925,1094,8,2026-06,0
2308,2026-06-26,2.0,0.05248618784530379,2,0.38586147516685965,0.22521415024158828,0.38892437459155205,1094,8,2026-06,1
2308,2026-06-29,2.0,0.023622047244094446,2,0.32332369914744863,0.23785551126627003,0.43882078958628135,1094,8,2026-06,1
2308,2026-06-30,2.0,0.02051282051282044,2,0.30387521754127944,0.2623414876991642,0.43378329475955624,1094,8,2026-06,1
2330,2026-07-01,0.0,-0.015968063872255467,2,0.3577603657743997,0.22258331486622535,0.41965631935937503,1220,1,2026-07,0
2330,2026-07-02,0.0,-0.008113590263691739,2,0.3789742626020883,0.21922091560177395,0.4018048217961377,1220,1,2026-07,0
2330,2026-07-03,2.0,0.006134969325153339,2,0.3717041313734455,0.2277858723614421,0.40050999626511236,1220,1,2026-07,1
2330,2026-07-06,0.0,-0.008130081300813052,2,0.3621971238255407,0.22630791762957236,0.4114949585448868,1220,1,2026-07,0
2330,2026-07-07,2.0,0.010245901639344357,2,0.3621971238255407,0.22630791762957236,0.4114949585448868,1220,1,2026-07,1
2330,2026-07-08,0.0,-0.020283975659229236,2,0.3668310774062308,0.226546619371422,0.40662230322234716,1220,1,2026-07,0
2330,2026-07-09,2.0,0.010351966873705987,2,0.3638104274514916,0.22573547840464595,0.4104540941438625,1220,1,2026-07,1
2330,2026-07-13,0.0,-0.008196721311475419,2,0.3621971238255407,0.22630791762957236,0.4114949585448868,1220,1,2026-07,0
2317,2026-07-01,0.0,-0.03629032258064513,2,0.36702370381248156,0.2282855570612445,0.4046907391262739,1220,1,2026-07,0
2317,2026-07-02,2.0,0.006276150627614996,2,0.3707803425494846,0.23595430002753576,0.39326535742297963,1220,1,2026-07,1
2317,2026-07-03,2.0,0.006237006237006293,2,0.3684776302623223,0.23448891795753113,0.3970334517801466,1220,1,2026-07,1
2317,2026-07-06,0.0,-0.02066115702479343,2,0.3636697802685212,0.23435129138344918,0.4019789283480295,1220,1,2026-07,0
2317,2026-07-07,1.0,0.0021097046413502962,2,0.3678579562699336,0.23705018061682862,0.3950918631132377,1220,1,2026-07,0
2317,2026-07-08,1.0,0.0,2,0.36613280579270735,0.23535956859324614,0.39850762561404657,1220,1,2026-07,0
2317,2026-07-09,1.0,-0.004210526315789442,2,0.36613280579270735,0.23535956859324614,0.39850762561404657,1220,1,2026-07,0
2317,2026-07-13,1.0,-0.0042283298097252064,2,0.35240557830272334,0.2384997353756309,0.4090946863216457,1220,1,2026-07,0
2454,2026-07-01,1.0,0.0023068050749712743,2,0.3693507832086083,0.22863906827035274,0.4020101485210389,1220,1,2026-07,0
2454,2026-07-02,0.0,-0.03452243958573076,2,0.3586614482940273,0.23251443909493585,0.40882411261103674,1220,1,2026-07,0
2454,2026-07-03,0.0,-0.016686531585220488,2,0.3717041313734455,0.2277858723614421,0.40050999626511236,1220,1,2026-07,0
2454,2026-07-06,0.0,-0.023030303030303068,2,0.35100635460855134,0.22652335443120206,0.42247029096024663,1220,1,2026-07,0
2454,2026-07-07,0.0,-0.008684863523573227,2,0.35263515393037465,0.22293413668853873,0.42443070938108673,1220,1,2026-07,0
2454,2026-07-08,0.0,-0.017521902377972465,2,0.36574436866776433,0.22693544166221363,0.40732018967002204,1220,1,2026-07,0
2454,2026-07-09,0.0,-0.02547770700636942,2,0.35691836280535144,0.22145912073950008,0.42162251645514853,1220,1,2026-07,0
2454,2026-07-13,0.0,-0.04313725490196074,2,0.3637481577912588,0.22995972076355065,0.40629212144519056,1220,1,2026-07,0
2882,2026-07-01,0.0,-0.015789473684210575,2,0.3734400910161368,0.22645677725879815,0.40010313172506506,1220,1,2026-07,0
2882,2026-07-02,1.0,0.0010695187165774556,2,0.3621995474332005,0.2196404301775234,0.4181600223892762,1220,1,2026-07,0
2882,2026-07-03,1.0,-0.002136752136752018,2,0.36453366863706155,0.2188366248756624,0.41662970648727604,1220,1,2026-07,0
2882,2026-07-06,2.0,0.03854389721627394,2,0.35531855224696696,0.22201005023136858,0.4226713975216646,1220,1,2026-07,1
2882,2026-07-07,2.0,0.010309278350515427,2,0.36141476873985995,0.22848456416633056,0.41010066709380943,1220,1,2026-07,1
2882,2026-07-08,0.0,-0.01734693877551019,2,0.37108079038894853,0.22502608026222248,0.4038931293488289,1220,1,2026-07,0
2882,2026-07-09,1.0,0.004153686396677125,2,0.3693507832086083,0.22863906827035274,0.4020101485210389,1220,1,2026-07,0
2882,2026-07-13,0.0,-0.006204756980351722,2,0.3587380096248452,0.2241465947473417,0.4171153956278131,1220,1,2026-07,0
2603,2026-07-01,1.0,0.0,2,0.36423848009569504,0.23414184739544572,0.4016196725088593,1220,1,2026-07,0
2603,2026-07-02,2.0,0.05121293800539073,2,0.36613280579270735,0.23535956859324614,0.39850762561404657,1220,1,2026-07,1
2603,2026-07-03,1.0,0.002564102564102555,2,0.36806676914515657,0.22045797643294288,0.4114752544219006,1220,1,2026-07,0
2603,2026-07-06,0.0,-0.038363171355498715,2,0.35240557830272334,0.2384997353756309,0.4090946863216457,1220,1,2026-07,0
2603,2026-07-07,2.0,0.042553191489361764,2,0.36899200889133216,0.2187933651870089,0.4122146259216589,1220,1,2026-07,1
2603,2026-07-08,0.0,-0.007653061224489832,2,0.3619071505862425,0.23692858556636953,0.40116426384738796,1220,1,2026-07,0
2603,2026-07-09,1.0,0.0025706940874035134,2,0.35664362141597156,0.23348272792199995,0.4098736506620286,1220,1,2026-07,0
2603,2026-07-13,1.0,-0.002564102564102555,2,0.35427265647441203,0.23976332959005295,0.405964013935535,1220,1,2026-07,0
2308,2026-07-01,0.0,-0.01005025125628145,2,0.36613280579270735,0.23535956859324614,0.39850762561404657,1220,1,2026-07,0
2308,2026-07-02,2.0,0.053299492385786795,2,0.3684776302623223,0.23448891795753113,0.3970334517801466,1220,1,2026-07,1
2308,2026-07-03,0.0,-0.03855421686746985,2,0.3684776302623223,0.23448891795753113,0.3970334517801466,1220,1,2026-07,0
2308,2026-07-06,0.0,-0.052631578947368474,2,0.34797625780043057,0.2332004674923252,0.41882327470724423,1220,1,2026-07,0
2308,2026-07-07,1.0,-0.002645502645502673,2,0.34797625780043057,0.2332004674923252,0.41882327470724423,1220,1,2026-07,0
2308,2026-07-08,1.0,-0.0026525198938992522,2,0.35748406840815145,0.2297999381326591,0.41271599345918947,1220,1,2026-07,0
2308,2026-07-09,2.0,0.005319148936170137,2,0.36423848009569504,0.23414184739544572,0.4016196725088593,1220,1,2026-07,1
2308,2026-07-13,0.0,-0.01851851851851849,2,0.3546501840244346,0.23767307928855763,0.40767673668700777,1220,1,2026-07,0
